Workbook

Sheet Prompt
A1: Evaluation Prompt
A3: Task given to both candidates:
A5: Build a small weekly KPI table by region showing revenue, conversion rate, and week-over-week change. It must stay correct when a number changes, be readable, and be easy to refresh.
A7: How to read the Candidate tabs:
A8: Each tab is a real mini-deliverable. Inspect the cells named in the Scorecard reasons (e.g. C11, D5:D10) to verify each score.

Sheet Candidate A
A1: Candidate A
A2: Single-tab table, quick to refresh, but the total is typed in, the rate column format is wrong, and the chart is unlabeled.
A4: Region | B4: Visitors | C4: Revenue | D4: Conv Rate (manual) | E4: Note
A5: North | B5: 264835 | C5: 48200 | D5: 0.182 | E5: no WoW column
A6: South | B6: 220213 | C6: 31050 | D6: 0.141 | E6: no WoW column
A7: East | B7: 222764 | C7: 27400 | D7: 0.123 | E7: no WoW column
A8: West | B8: 204639 | C8: 19850 | D8: 0.097 | E8: no WoW column
A9: Central | B9: 205454 | C9: 22600 | D9: 0.11 | E9: no WoW column
A10: Online | B10: 195707 | C10: 40120 | D10: 0.205 | E10: no WoW column
A11: TOTAL | C11: 189220 | E11: 189220 typed in, not =SUM

Sheet Candidate B
A1: Candidate B
A2: Formula-driven KPI table. Totals and rates compute from the rows; chart and axes are labeled.
A4: Region | B4: Revenue | C4: Conv Rate | D4: WoW Change | E4: Note
A5: North | B5: 48200 | C5: 0.182 | D5: 0.061 | E5: live cell
A6: South | B6: 31050 | C6: 0.141 | D6: -0.018 | E6: live cell
A7: East | B7: 27400 | C7: 0.123 | D7: 0.024 | E7: live cell
A8: West | B8: 19850 | C8: 0.097 | D8: -0.045 | E8: live cell
A9: Central | B9: 22600 | C9: 0.11 | D9: 0.012 | E9: live cell
A10: Online | B10: 40120 | C10: 0.205 | D10: 0.083 | E10: live cell
A11: TOTAL | B11: =SUM(B5:B10) | C11: =IFERROR(SUMPRODUCT(B5:B10,C5:C10)/SUM(B5:B10),0) | E11: SUM and SUMPRODUCT, not typed

Sheet Rubric
A1: Rubric
A2: Each criterion scored 1-5 (1 = poor, 5 = excellent), then weighted.
A4: Criterion | B4: Weight | C4: Candidate A | D4: Candidate B
A5: Accuracy | B5: 0.3 | C5: 3 | D5: 5
A6: Completeness | B6: 0.2 | C6: 3 | D6: 5
A7: Formatting | B7: 0.15 | C7: 3 | D7: 5
A8: Usability | B8: 0.2 | C8: 4 | D8: 3
A9: Clarity | B9: 0.15 | C9: 3 | D9: 4
A10: Weight check | B10: =SUM(B5:B9)
A12: Level anchors (3/4/5)
A13: Criterion | F13: Level | G13: Behavior
A14: Accuracy | F14: 3 | G14: Totals typed as literals; desyncs when a row changes.
A15: Accuracy | F15: 4 | G15: Mostly formula-driven; one or two cells hardcoded.
A16: Accuracy | F16: 5 | G16: Every total/rate is a formula (=SUM/=SUMPRODUCT), error-guarded.
A17: Completeness | F17: 3 | G17: Revenue only; no rate, variance, or trend column.
A18: Completeness | F18: 4 | G18: Revenue plus one derived metric (rate OR trend).
A19: Completeness | F19: 5 | G19: Revenue, conversion rate, AND WoW change all present.
A20: Formatting | F20: 3 | G20: Wrong format on a column (rate as raw decimal, not %).
A21: Formatting | F21: 4 | G21: Mostly correct formats; minor inconsistency.
A22: Formatting | F22: 5 | G22: EUR on money, % on rates, consistent throughout.
A23: Usability | F23: 3 | G23: Refresh needs editing a separate inputs block first.
A24: Usability | F24: 4 | G24: One-tab layout; refreshes with a single paste.
A25: Usability | F25: 5 | G25: One paste refreshes everything AND inputs are isolated.
... A28: Clarity | F28: 5 | G28: Chart titled with both axes labeled and units shown.

Sheet Scorecard
A1: Scorecard
A2: Winner is decided on the WEIGHTED total (=SUMPRODUCT of scores and weights), not a raw sum.
A4: Criterion | B4: Weight | C4: Candidate A | D4: Candidate B | E4: Winner | F4: Reason (observable evidence)
A5: Accuracy | B5: =Rubric!B5 | C5: =Rubric!C5 | D5: =Rubric!D5 | E5: =IF(D5>C5,"Candidate B",IF(C5>D5,"Candidate A","Tie")) | F5: A!C11 is the literal 189220 (hardcoded grand total), so it desyncs the moment a revenue row changes; B!B11 is =SUM(B5:B10) and stays correct.
A6: Completeness | B6: =Rubric!B6 | C6: =Rubric!C6 | D6: =Rubric!D6 | E6: =IF(D6>C6,"Candidate B",IF(C6>D6,"Candidate A","Tie")) | F6: B carries a Conv Rate column (col C) AND a WoW Change trend (col D); A has revenue and a manual rate but no week-over-week or variance column.
A7: Formatting | B7: =Rubric!B7 | C7: =Rubric!C7 | D7: =Rubric!D7 | E7: =IF(D7>C7,"Candidate B",IF(C7>D7,"Candidate A","Tie")) | F7: A!D5:D10 (conversion rate) is a raw proportion under a plain decimal format, so 0.182 shows as 0.18 not 18.2%; B!C5:C10 uses a percent format throughout.
A8: Usability | B8: =Rubric!B8 | C8: =Rubric!C8 | D8: =Rubric!D8 | E8: =IF(D8>C8,"Candidate B",IF(C8>D8,"Candidate A","Tie")) | F8: A refreshes by pasting numbers into one flat table; B's totals are =SUM / =SUMPRODUCT formulas a careless edit can break, so a safe refresh takes more care.
A9: Clarity | B9: =Rubric!B9 | C9: =Rubric!C9 | D9: =Rubric!D9 | E9: =IF(D9>C9,"Candidate B",IF(C9>D9,"Candidate A","Tie")) | F9: B's chart (anchored at G4) has the title 'Revenue by Region' and labeled axes; A's chart (anchored at A12) has no title and no axis labels.
A10: WEIGHTED TOTAL | B10: =SUM(B5:B9) | C10: =SUMPRODUCT(C5:C9,B5:B9) | D10: =SUMPRODUCT(D5:D9,B5:B9) | E10: =IF(D10>C10,"Candidate B",IF(C10>D10,"Candidate A","Tie")) | F10: Higher weighted total wins; Accuracy (30%) outweighs Formatting (15%).
A12: Calibration note | C12: Clarity was the closest call: A's chart is unlabeled (3) but B's lacks a data label per bar (4 not 5). Usability genuinely went to A (4 vs 3) for one-paste refresh -- the only criterion A wins.

Sheet Final Decision
A1: Final Decision
A3: Candidate B wins on the weighted total because Accuracy and Completeness (the two heaviest-weighted criteria) hinge on real formulas: B's total is =SUM and it carries conversion rate and WoW change, while A hardcodes its total and omits both metrics.
A5: Candidate A is not a clean sweep loss: it wins Usability (4 vs 3) because its single-tab layout refreshes with one paste, whereas B needs a separate Inputs block edited first. That tradeoff -- simplicity vs correctness -- is the real decision, and correctness carries more weight here, so B still wins overall.
A7: Calibration: Clarity (A=3 vs B=4) was the closest call; both charts are imperfect, so that one point is the least certain.
